"","names","version","date","size"
"1","ggplot","0.5.1",2007-06-10,NA
"2","ggplot","0.5.2",2007-06-18,NA
"3","ggplot","0.5.4",2007-07-08,NA
"4","ggplot","0.5.5",2007-09-01,NA
"5","ggplot","0.5.6",2007-10-20,NA
"6","ggplot","0.5.7",2008-01-11,NA
"7","ggplot","0.5",2007-06-01,NA
"8","ggplot","0.6",2008-04-03,NA
"9","ggplot","0.7",2008-10-05,NA
"10","ggplot","0.8.1",2008-12-14,NA
"11","ggplot","0.8.2",2009-02-25,NA
"12","ggplot","0.8.3",2009-04-20,NA
"13","ggplot","0.8.4",2009-12-09,NA
"14","ggplot","0.8.5",2009-12-16,NA
"15","ggplot","0.8.6",2010-02-18,NA
"16","ggplot","0.8.7",2010-03-02,NA
"17","ggplot","0.8.8",2010-07-05,NA
"18","ggplot","0.8.9",2010-12-23,NA
"19","ggplot","0.8",2008-11-21,NA
"20","ggplot","0.9.0",2012-03-01,NA
"21","ggplot","0.9.1",2012-05-08,NA
"22","ggplot","0.9.2.1",2012-09-11,NA
"23","ggplot","0.9.2",2012-09-04,NA
"24","ggplot","0.9.3.1",2013-03-02,NA
"25","ggplot","0.9.3",2012-12-05,NA
"26","ggplot","1.0.0",2014-05-21,NA
"27","ggplot","1.0.1",2015-03-17,NA
"28","ggplot","2.0.0",2015-12-18,NA
"29","ggplot","2.1.0",2016-03-01,NA
"30","ggplot","2.2.0",2016-11-11,NA
